32926,Brevard
32927,Brevard
32931,Brevard
32932,Brevard
32934,Brevard
32935,Brevard
32936,Brevard
32937,Brevard
32940,Brevard
32941,Brevard
32948,Indian River
32949,Brevard
32950,Brevard
32951,Brevard
32952,Brevard
32953,Brevard
32954,Brevard
32955,Brevard
32956,Brevard
32957,Indian River
32958,Indian River
32959,Brevard
32960,Indian River
32961,Indian River
32962,Indian River
32963,Indian River
32964,Indian River
32965,Indian River
32966,Indian River
32967,Indian River
32968,Indian River
32969,Indian River
32970,Indian River
32971,Indian River
32976,Brevard
32978,Indian River
33001,Monroe
33002,Miami-Dade
33004,Broward
33008,Broward
33009,Broward
33010,Miami-Dade
33011,Miami-Dade
33012,Miami-Dade
33013,Miami-Dade
33014,Miami-Dade
33015,Miami-Dade
33016,Miami-Dade
33017,Miami-Dade
33018,Miami-Dade
33019,Broward
33020,Broward
33021,Broward
33022,Broward
33023,Broward
33024,Broward
33025,Broward
33026,Broward
33027,Broward
33028,Broward
33029,Broward
33030,Miami-Dade
33031,Miami-Dade
33032,Miami-Dade
33033,Miami-Dade
33034,Miami-Dade
33035,Miami-Dade
33036,Monroe
33037,Monroe
33039,Miami-Dade
33040,Monroe
33041,Monroe
33042,Monroe
33043,Monroe
33044,Monroe
33045,Monroe
33050,Monroe
33051,Monroe
33052,Monroe
33054,Miami-Dade
33055,Miami-Dade
33056,Miami-Dade
33060,Broward
33061,Broward
33062,Broward
33063,Broward
33064,Broward
33065,Broward
33066,Broward
33067,Broward
33068,Broward
33069,Broward
33070,Monroe
33071,Broward
33072,Broward
33073,Broward
33074,Broward
33075,Broward
33076,Broward
33077,Broward
33081,Broward
33082,Broward
33083,Broward
33084,Broward
33090,Miami-Dade
33092,Miami-Dade
33093,Broward
33097,Broward
33101,Miami-Dade
33102,Miami-Dade
33107,Miami-Dade
33109,Miami-Dade
33110,Miami-Dade
33111,Miami-Dade
33114,Miami-Dade
33116,Miami-Dade
33119,Miami-Dade
33121,Miami-Dade
33122,Miami-Dade
33124,Miami-Dade
33125,Miami-Dade
33126,Miami-Dade
33127,Miami-Dade
33128,Miami-Dade
33129,Miami-Dade
33130,Miami-Dade
33131,Miami-Dade
33132,Miami-Dade
33133,Miami-Dade
33134,Miami-Dade
33135,Miami-Dade
33136,Miami-Dade
33137,Miami-Dade
33138,Miami-Dade
33139,Miami-Dade
33140,Miami-Dade
33141,Miami-Dade
33142,Miami-Dade
33143,Miami-Dade
33144,Miami-Dade
33145,Miami-Dade
33146,Miami-Dade
33147,Miami-Dade
33148,Miami-Dade
33149,Miami-Dade
33150,Miami-Dade
33151,Miami-Dade
33152,Miami-Dade
33153,Miami-Dade
33154,Miami-Dade
33155,Miami-Dade
33156,Miami-Dade
33157,Miami-Dade
33158,Miami-Dade
33159,Miami-Dade
33160,Miami-Dade
33161,Miami-Dade
33162,Miami-Dade
33163,Miami-Dade
33164,Miami-Dade
33165,Miami-Dade
33166,Miami-Dade
33167,Miami-Dade
33168,Miami-Dade
33169,Miami-Dade
33170,Miami-Dade
33172,Miami-Dade
33173,Miami-Dade
33174,Miami-Dade
33175,Miami-Dade
33176,Miami-Dade
33177,Miami-Dade
33178,Miami-Dade
33179,Miami-Dade
33180,Miami-Dade
33181,Miami-Dade
33182,Miami-Dade
33183,Miami-Dade
33184,Miami-Dade
33185,Miami-Dade
33186,Miami-Dade
33187,Miami-Dade
33188,Miami-Dade
33189,Miami-Dade
33190,Miami-Dade
33192,Miami-Dade
33193,Miami-Dade
33194,Miami-Dade
33195,Miami-Dade
33196,Miami-Dade
33197,Miami-Dade
33199,Miami-Dade
33231,Miami-Dade
33233,Miami-Dade
33234,Miami-Dade
33238,Miami-Dade
33239,Miami-Dade
33242,Miami-Dade
33243,Miami-Dade
33245,Miami-Dade
33247,Miami-Dade
33255,Miami-Dade
33256,Miami-Dade
33257,Miami-Dade
33261,Miami-Dade
33265,Miami-Dade
33266,Miami-Dade
33269,Miami-Dade
33280,Miami-Dade
33283,Miami-Dade
33296,Miami-Dade
33299,Miami-Dade
33301,Broward
33302,Broward
33303,Broward
33304,Broward
33305,Broward
33306,Broward
33307,Broward
33308,Broward
33309,Broward
33310,Broward
33311,Broward
33312,Broward
33313,Broward
33314,Broward
33315,Broward
33316,Broward
33317,Broward
33318,Broward
33319,Broward
33320,Broward
33321,Broward
33322,Broward
33323,Broward
33324,Broward
33325,Broward
33326,Broward
33327,Broward
33328,Broward
33329,Broward
33330,Broward
33331,Broward
33332,Broward
33334,Broward
33335,Broward
33337,Broward
33338,Broward
33339,Broward
33340,Broward
33345,Broward
33346,Broward
33348,Broward
33349,Broward
33351,Broward
33355,Broward
33359,Broward
33388,Broward
33394,Broward
33401,Palm Beach
33402,Palm Beach
33403,Palm Beach
33404,Palm Beach
33405,Palm Beach
33406,Palm Beach
33407,Palm Beach
33408,Palm Beach
33409,Palm Beach
33410,Palm Beach
33411,Palm Beach
33412,Palm Beach
33413,Palm Beach
33414,Palm Beach
33415,Palm Beach
33416,Palm Beach
33417,Palm Beach
33418,Palm Beach
33419,Palm Beach
33420,Palm Beach
33421,Palm Beach
33422,Palm Beach
33424,Palm Beach
33425,Palm Beach
33426,Palm Beach
33427,Palm Beach
33428,Palm Beach
33429,Palm Beach
33430,Palm Beach
33431,Palm Beach
33432,Palm Beach
33433,Palm Beach
33434,Palm Beach
33435,Palm Beach
33436,Palm Beach
33437,Palm Beach
33438,Palm Beach
33439,Palm Beach
33440,Hendry
33441,Broward
33442,Broward
33443,Broward
33444,Palm Beach
33445,Palm Beach
33446,Palm Beach
33447,Palm Beach
33448,Palm Beach
33454,Palm Beach
33455,Martin
33458,Palm Beach
33459,Palm Beach
33460,Palm Beach
33461,Palm Beach
33462,Palm Beach
33463,Palm Beach
33464,Palm Beach
33465,Palm Beach
33466,Palm Beach
33467,Palm Beach
33468,Palm Beach
33469,Palm Beach
33470,Palm Beach
33471,Glades
33474,Palm Beach
33475,Martin
33476,Palm Beach
33477,Palm Beach
33478,Palm Beach
33480,Palm Beach
33481,Palm Beach
33482,Palm Beach
33483,Palm Beach
33484,Palm Beach
33486,Palm Beach
33487,Palm Beach
33488,Palm Beach
33493,Palm Beach
33496,Palm Beach
33497,Palm Beach
33498,Palm Beach
33499,Palm Beach
33503,Hillsborough
33509,Hillsborough
33510,Hillsborough
33511,Hillsborough
33513,Sumter
33514,Sumter
33521,Sumter
33523,Pasco
33524,Pasco
33525,Pasco
33526,Pasco
33527,Hillsborough
33530,Hillsborough
33534,Hillsborough
33537,Pasco
33538,Sumter
33539,Pasco
33540,Pasco
33541,Pasco
33543,Pasco
33544,Pasco
33547,Hillsborough
33548,Hillsborough
33549,Hillsborough
33550,Hillsborough
33556,Hillsborough
33564,Hillsborough
33565,Hillsborough
33566,Hillsborough
33567,Hillsborough
33568,Hillsborough
33569,Hillsborough
33570,Hillsborough
33571,Hillsborough
33572,Hillsborough
33573,Hillsborough
33574,Pasco
33576,Pasco
33583,Hillsborough
33584,Hillsborough
33585,Sumter
33586,Hillsborough
33587,Hillsborough
33592,Hillsborough
33593,Pasco
33594,Hillsborough
33595,Hillsborough
33597,Sumter
33598,Hillsborough
33601,Hillsborough
33602,Hillsborough
33603,Hillsborough
33604,Hillsborough
33605,Hillsborough
33606,Hillsborough
33607,Hillsborough
33608,Hillsborough
33609,Hillsborough
33610,Hillsborough
33611,Hillsborough
33612,Hillsborough
33613,Hillsborough
33614,Hillsborough
33615,Hillsborough
33616,Hillsborough
33617,Hillsborough
33618,Hillsborough
33619,Hillsborough
33620,Hillsborough
33621,Hillsborough
33622,Hillsborough
33623,Hillsborough
33624,Hillsborough
33625,Hillsborough
33626,Hillsborough
33629,Hillsborough
33630,Hillsborough
33631,Hillsborough
33633,Hillsborough
33634,Hillsborough
33635,Hillsborough
33637,Hillsborough
33647,Hillsborough
33650,Hillsborough
33651,Hillsborough
33655,Hillsborough
33660,Hillsborough
33661,Hillsborough
33662,Hillsborough
33663,Hillsborough
33664,Hillsborough
33672,Hillsborough
33673,Hillsborough
33674,Hillsborough
33675,Hillsborough
33677,Hillsborough
33679,Hillsborough
33680,Hillsborough
33681,Hillsborough
33682,Hillsborough
33684,Hillsborough
33685,Hillsborough
33686,Hillsborough
33687,Hillsborough
33688,Hillsborough
33689,Hillsborough
33690,Hillsborough
33694,Hillsborough
33697,Hillsborough
33701,Pinellas
33702,Pinellas
33703,Pinellas
33704,Pinellas
33705,Pinellas
33706,Pinellas
33707,Pinellas
33708,Pinellas
33709,Pinellas
33710,Pinellas
33711,Pinellas
33712,Pinellas
33713,Pinellas
33714,Pinellas
33715,Pinellas
33716,Pinellas
33728,Pinellas
33729,Pinellas
33730,Pinellas
33731,Pinellas
33732,Pinellas
33733,Pinellas
33734,Pinellas
33736,Pinellas
33737,Pinellas
33738,Pinellas
33740,Pinellas
33741,Pinellas
33742,Pinellas
33743,Pinellas
33744,Pinellas
33747,Pinellas
33755,Pinellas
33756,Pinellas
33757,Pinellas
33758,Pinellas
33759,Pinellas
33760,Pinellas
33761,Pinellas
33762,Pinellas
33763,Pinellas
33764,Pinellas
33765,Pinellas
33766,Pinellas
33767,Pinellas
33769,Pinellas
33770,Pinellas
33771,Pinellas
33772,Pinellas
33773,Pinellas
33774,Pinellas
33775,Pinellas
33776,Pinellas
33777,Pinellas
33778,Pinellas
33779,Pinellas
33780,Pinellas
33781,Pinellas
33782,Pinellas
33784,Pinellas
33785,Pinellas
33786,Pinellas
33801,Polk
33802,Polk
33803,Polk
33804,Polk
33805,Polk
33806,Polk
33807,Polk
33809,Polk
33810,Polk
33811,Polk
33813,Polk
33815,Polk
33820,Polk
33823,Polk
33825,Highlands
33826,Highlands
33827,Polk
33830,Polk
33831,Polk
33834,Hardee
33835,Polk
33836,Polk
33837,Polk
33838,Polk
33839,Polk
33840,Polk
33841,Polk
33843,Polk
33844,Polk
33845,Polk
33846,Polk
33847,Polk
33848,Osceola
33849,Polk
33850,Polk
33851,Polk
33852,Highlands
33853,Polk
33854,Polk
33855,Polk
33856,Polk
33857,Highlands
33858,Polk
33859,Polk
33860,Polk
33862,Highlands
33863,Polk
33865,Hardee
33867,Polk
33868,Polk
33870,Highlands
33871,Highlands
33872,Highlands
33873,Hardee
33877,Polk
33880,Polk
33881,Polk
33882,Polk
33883,Polk
33884,Polk
33885,Polk
33888,Polk
33890,Hardee
33901,Lee
33902,Lee
33903,Lee
33904,Lee
33905,Lee
33906,Lee
33907,Lee
33908,Lee
33909,Lee
33910,Lee
33911,Lee
33912,Lee
33913,Lee
33914,Lee
33915,Lee
33916,Lee
33917,Lee
33918,Lee
33919,Lee
33920,Lee
33921,Lee
33922,Lee
33924,Lee
33927,Charlotte
33928,Lee
33930,Hendry
33931,Lee
33932,Lee
33935,Hendry
33936,Lee
33938,Charlotte
33944,Glades
33945,Lee
33946,Charlotte
33947,Charlotte
33948,Charlotte
33949,Charlotte
33950,Charlotte
33951,Charlotte
33952,Charlotte
33953,Charlotte
33954,Charlotte
33955,Charlotte
33956,Lee
33957,Lee
33960,Highlands
33965,Lee
33970,Lee
33971,Lee
33972,Lee
33975,Hendry
33980,Charlotte
33981,Charlotte
33982,Charlotte
33983,Charlotte
33990,Lee
33991,Lee
33993,Lee
33994,Lee
34101,Collier
34102,Collier
34103,Collier
34104,Collier
34105,Collier
34106,Collier
34107,Collier
34108,Collier
34109,Collier
34110,Collier
34112,Collier
34113,Collier
34114,Collier
34116,Collier
34117,Collier
34119,Collier
34120,Collier
34133,Lee
34134,Lee
34135,Lee
34136,Lee
34137,Collier
34138,Collier
34139,Collier
34140,Collier
34141,Collier
34142,Collier
34143,Collier
34145,Collier
34146,Collier
34201,Manatee
34202,Manatee
34203,Manatee
34204,Manatee
34205,Manatee
34206,Manatee
34207,Manatee
34208,Manatee
34209,Manatee
34210,Manatee
34215,Manatee
34216,Manatee
34217,Manatee
34218,Manatee
34219,Manatee
34220,Manatee
34221,Manatee
34222,Manatee
34223,Sarasota
34224,Sarasota
34228,Manatee
34229,Sarasota
34230,Sarasota
34231,Sarasota
34232,Sarasota
34233,Sarasota
34234,Sarasota
34235,Sarasota
34236,Sarasota
34237,Sarasota
34238,Sarasota
34239,Sarasota
34240,Sarasota
34241,Sarasota
34242,Sarasota
34243,Manatee
34250,Manatee
34251,Manatee
34260,Manatee
34264,Manatee
34265,De Soto
34266,De Soto
34267,De Soto
34268,De Soto
34270,Manatee
34272,Sarasota
34274,Sarasota
34275,Sarasota
34276,Sarasota
34277,Sarasota
34278,Sarasota
34280,Manatee
34281,Manatee
34282,Manatee
34284,Sarasota
34285,Sarasota
34286,Sarasota
34287,Sarasota
34292,Sarasota
34293,Sarasota
34295,Sarasota
34420,Marion
34421,Marion
34423,Citrus
34428,Citrus
34429,Citrus
34430,Marion
34431,Marion
34432,Marion
34433,Citrus
34434,Citrus
34436,Citrus
34442,Citrus
34445,Citrus
34446,Citrus
34447,Citrus
34448,Citrus
34449,Levy
34450,Citrus
34451,Citrus
34452,Citrus
34453,Citrus
34460,Citrus
34461,Citrus
34464,Citrus
34465,Citrus
34470,Marion
34471,Marion
34472,Marion
34473,Marion
34474,Marion
34475,Marion
34476,Marion
34477,Marion
34478,Marion
34479,Marion
34480,Marion
34481,Marion
34482,Marion
34483,Marion
34484,Sumter
34487,Citrus
34488,Marion
34489,Marion
34491,Marion
34492,Marion
34498,Levy
34601,Hernando
34602,Hernando
34603,Hernando
34605,Hernando
34606,Hernando
34607,Hernando
34608,Hernando
34609,Hernando
34610,Pasco
34611,Hernando
34613,Hernando
34614,Hernando
34636,Hernando
34639,Pasco
34652,Pasco
34653,Pasco
34654,Pasco
34655,Pasco
34656,Pasco
34660,Pinellas
34661,Hernando
34667,Pasco
34668,Pasco
34669,Pasco
34673,Pasco
34674,Pasco
34677,Pinellas
34679,Pasco
34680,Pasco
34681,Pinellas
34682,Pinellas
34683,Pinellas
34684,Pinellas
34685,Pinellas
34688,Pinellas
34689,Pinellas
34690,Pasco
34691,Pasco
34695,Pinellas
34697,Pinellas
34698,Pinellas
34705,Lake
34711,Lake
34712,Lake
34713,Lake
34729,Lake
34731,Lake
34734,Orange
34736,Lake
34737,Lake
34739,Osceola
34740,Orange
34741,Osceola
34742,Osceola
34743,Osceola
34744,Osceola
34745,Osceola
34746,Osceola
34747,Osceola
34748,Lake
34749,Lake
34753,Lake
34755,Lake
34756,Lake
34758,Osceola
34759,Polk
34760,Orange
34761,Orange
34762,Lake
34769,Osceola
34770,Osceola
34771,Osceola
34772,Osceola
34773,Osceola
34777,Orange
34778,Orange
34785,Sumter
34786,Orange
34787,Orange
34788,Lake
34789,Lake
34797,Lake
34945,St. Lucie
34946,St. Lucie
34947,St. Lucie
34948,St. Lucie
34949,St. Lucie
34950,St. Lucie
34951,St. Lucie
34952,St. Lucie
34953,St. Lucie
34954,St. Lucie
34956,Martin
34957,Martin
34958,Martin
34972,Okeechobee
34973,Okeechobee
34974,Okeechobee
34979,St. Lucie
34981,St. Lucie
34982,St. Lucie
34983,St. Lucie
34984,St. Lucie
34985,St. Lucie
34986,St. Lucie
34987,St. Lucie
34988,St. Lucie
34990,Martin
34991,Martin
34992,Martin
34994,Martin
34995,Martin
34996,Martin
34997,Martin
